Вид работ;Начало работ;Окончание работ;Объем работ
Подготовительные работы и обустройство площадки;;15.09.2026;300 п.м.
Механизированная разработка и выемка грунта котлована;16.09.2026;27.09.2026;5000 м3
Планировка дна котлована;28.09.2026;30.09.2026;2000 м2
Устройство щебеночного основания / подстилающего слоя под фундамент;24.09.2026;25.09.2026;300 м3
Укладка бетонной подготовки (подбетонки) толщиной ~100 мм;26.09.2026;29.09.2026;200 м3
Устройство горизонтальной рулонной гидроизоляции под фундаментную плиту;30.09.2026;01.10.2026;2200 м2
Монтаж арматурного каркаса фундаментной плиты (вязка сеток, установка поддерживающих каркасов);02.10.2026;05.10.2026;150 т
Устройство стен, колонн и пилонов подземного этажа;06.10.2026;28.10.2026;400 м3
Устройство плиты перекрытия подземного этажа (+0.000);28.10.2026;02.11.2026;500 м3
Устройство монолитных ж/б колонн и пилонов 1-го и 2-го этажей;03.11.2026;30.11.2026;300 м3
Устройство монолитных ж/б плит перекрытия/покрытия надземных этажей (установка стоек, монтаж опалубки, армирование, бетонирование);15.11.2026;20.12.2026;800 м3
Подача и распределение стеновых строительных блоков на готовых перекрытиях для последующего возведения стен;06.12.2026;25.12.2026;500 поддонов
Устройство наружных стен и ограждающих конструкций из мелкоштучных материалов (кирпич/блоки);10.12.2026;04.02.2027;1500 м3
Формирование оконных и дверных проемов;25.12.2026;10.02.2027;200 шт
Монтаж слоя теплоизоляции (утеплителя) на наружные стены;20.01.2027;02.03.2027;3000 м2
"Монтаж навесного вентилируемого фасада или устройство ""мокрого"" оштукатуренного фасада (светлая финишная отделка)";06.02.2027;30.03.2027;3000 м2
Установка оконных блоков и балконных дверей;10.02.2027;05.03.2027;200 шт
